3cpio	0.14.0-1ubuntu1
7zip	26.00+dfsg-1
acl	2.3.2-2
adduser	3.153ubuntu1
adwaita-icon-theme	50.0-1
alsa-topology-conf	1.2.5.1-3build1
alsa-ucm-conf	1.2.15.3-1ubuntu1.2
alsa-utils	1.2.15.2-1ubuntu1
amd64-microcode	3.20251202.1ubuntu2
apparmor	5.0.0~beta1-0ubuntu7
apport	2.34.0-0ubuntu2
apport-core-dump-handler	2.34.0-0ubuntu2
apport-symptoms	0.25build1
appstream	1.1.2-1
apt	3.2.0
apt-transport-https	3.2.0
at-spi2-common	2.60.4-0ubuntu0.1
at-spi2-core	2.60.4-0ubuntu0.1
autoconf	2.72-3.1ubuntu2
automake	1:1.18.1-3build1
autotools-dev	20240727.1build1
base-files	14ubuntu6.1
base-passwd	3.6.8
bash	5.3-2ubuntu1
bash-completion	1:2.16.0-8build1
bcache-tools	1.0.8-5ubuntu1
bind9-dnsutils	1:9.20.18-1ubuntu2.1
bind9-host	1:9.20.18-1ubuntu2.1
bind9-libs:amd64	1:9.20.18-1ubuntu2.1
binutils	2.46-3ubuntu2
binutils-common:amd64	2.46-3ubuntu2
binutils-x86-64-linux-gnu	2.46-3ubuntu2
bison	2:3.8.2+dfsg-1build4
bpfcc-tools	0.35.0+ds-1ubuntu2
bpftool	7.7.0+7.0.0-29.29
bpftrace	0.25.0-1ubuntu1
bsdextrautils	2.41.3-3ubuntu2
bsdutils	1:2.41.3-3ubuntu2
btrfs-progs	6.17.1-1build1
bubblewrap	0.11.1-1ubuntu0.1
build-essential	12.12ubuntu2.26.04.2
busybox-initramfs	1:1.37.0-7ubuntu1
busybox-static	1:1.37.0-7ubuntu1
bzip2	1.0.8-6build2
ca-certificates	20260601~26.04.1
chrony	4.8-2ubuntu1
cifs-utils	2:7.4-1ubuntu0.26.04.3
cloud-guest-utils	0.33-1build1
cloud-init	26.1-0ubuntu2
cloud-init-base	26.1-0ubuntu2
cmake	4.2.3-2ubuntu2
cmake-data	4.2.3-2ubuntu2
console-setup	1.237ubuntu3
console-setup-linux	1.237ubuntu3
coreutils	9.5-1ubuntu2+0.0.0~ubuntu25
coreutils-from-uutils	0.0.0~ubuntu25
cpio	2.15+dfsg-2.1
cpp	4:15.2.0-5ubuntu1
cpp-15	15.2.0-16ubuntu1
cpp-15-x86-64-linux-gnu	15.2.0-16ubuntu1
cpp-x86-64-linux-gnu	4:15.2.0-5ubuntu1
crash	9.0.1+~16.3-1ubuntu1
cryptsetup	2:2.8.4-1ubuntu4
cryptsetup-bin	2:2.8.4-1ubuntu4
curl	8.18.0-1ubuntu2.3
dash	0.5.12-12ubuntu3
dbus	1.16.2-2ubuntu4
dbus-bin	1.16.2-2ubuntu4
dbus-daemon	1.16.2-2ubuntu4
dbus-session-bus-common	1.16.2-2ubuntu4
dbus-system-bus-common	1.16.2-2ubuntu4
dbus-user-session	1.16.2-2ubuntu4
dbus-x11	1.16.2-2ubuntu4
dconf-gsettings-backend:amd64	0.49.0-4
dconf-service	0.49.0-4
debconf	1.5.92
debianutils	5.23.2build1
debootstrap	1.0.142ubuntu1
dhcpcd-base	1:10.3.0-7
diffutils	1:3.12-1
dirmngr	2.4.8-4ubuntu3
distro-info	1.15
distro-info-data	0.72-0ubuntu0.26.04.1
dkms	3.2.2-1ubuntu1
dmeventd	2:1.02.205-2ubuntu3
dmidecode	3.6-2build1
dmsetup	2:1.02.205-2ubuntu3
dosfstools	4.2-1.2build1
dpkg	1.23.7ubuntu1
dpkg-dev	1.23.7ubuntu1
dracut	110-11
dracut-core	110-11
dracut-install	110-11
e2fsprogs	1.47.2-3ubuntu4
eatmydata	131-2build1
efibootmgr	18-4ubuntu1
ethtool	1:6.19-1
evemu-tools	2.7.0-4build2
evtest	1:1.36-1
fakeroot	1.37.2-1
fdisk	2.41.3-3ubuntu2
feh	3.11.2-2
ffmpeg	7:8.0.1-3ubuntu2
file	1:5.46-5build2
finalrd	9build2
findutils	4.10.0-3build2
firmware-sof-signed	2025.12.2-1
fontconfig	2.17.1-3ubuntu1
fontconfig-config	2.17.1-3ubuntu1
fonts-dejavu	2.37-8build1
fonts-dejavu-core	2.37-8build1
fonts-dejavu-extra	2.37-8build1
fonts-dejavu-mono	2.37-8build1
fonts-droid-fallback	1:8.1.0r7-1~1.gbp36536bbuild1
fonts-freefont-ttf	20211204+svn4273-4build1
fonts-liberation	1:2.1.5-3build1
fonts-liberation-sans-narrow	1:1.07.6-4build1
fonts-noto-mono	20201225-2build1
fonts-ubuntu	0.869+git20240321-0ubuntu2
fonts-urw-base35	20200910-8build1
fuse3	3.18.2-1
g++	4:15.2.0-5ubuntu1
g++-15	15.2.0-16ubuntu1
g++-15-x86-64-linux-gnu	15.2.0-16ubuntu1
g++-x86-64-linux-gnu	4:15.2.0-5ubuntu1
gawk	1:5.3.2-1ubuntu1.1
gcc	4:15.2.0-5ubuntu1
gcc-15	15.2.0-16ubuntu1
gcc-15-base:amd64	15.2.0-16ubuntu1
gcc-15-x86-64-linux-gnu	15.2.0-16ubuntu1
gcc-16-base:amd64	16-20260322-1ubuntu1
gcc-x86-64-linux-gnu	4:15.2.0-5ubuntu1
gdb	17.1-2ubuntu1
gdisk	1.0.10-2build1
gettext-base	0.23.2-1
gh	2.46.0-4
ghostscript	10.06.0~dfsg-3ubuntu1
gir1.2-girepository-3.0:amd64	2.88.0-1
gir1.2-glib-2.0:amd64	2.88.0-1
gir1.2-packagekitglib-1.0	1.3.4-3ubuntu1.1
girepository-tools:amd64	2.88.0-1
git	1:2.53.0-1ubuntu1
git-man	1:2.53.0-1ubuntu1
glib-networking:amd64	2.80.1-1build2
glib-networking-common	2.80.1-1build2
glib-networking-services	2.80.1-1build2
glycin-loaders	2.1.1+ds-0ubuntu1
glycin-thumbnailers	2.1.1+ds-0ubuntu1
gnome-accessibility-themes	3.28-5
gnome-themes-extra:amd64	3.28-5
gnome-themes-extra-data	3.28-5
gnu-coreutils	9.7-3ubuntu2
gnupg	2.4.8-4ubuntu3
gnupg-l10n	2.4.8-4ubuntu3
gnupg-utils	2.4.8-4ubuntu3
google-chrome-stable	150.0.7871.124-1
gpg	2.4.8-4ubuntu3
gpg-agent	2.4.8-4ubuntu3
gpg-wks-client	2.4.8-4ubuntu3
gpgconf	2.4.8-4ubuntu3
gpgsm	2.4.8-4ubuntu3
gpgv	2.4.8-4ubuntu3
grep	3.12-1
groff-base	1.23.0-10
grub-common	2.14-2ubuntu2.1
grub-efi-amd64	2.14-2ubuntu1
grub-efi-amd64-bin	2.14-2ubuntu1
grub-efi-amd64-signed	1.215+2.14-2ubuntu1
grub-efi-amd64-unsigned	2.14-2ubuntu1
grub-pc-bin	2.14-2ubuntu2.1
grub2-common	2.14-2ubuntu2.1
gsettings-desktop-schemas	50.0-1ubuntu2
gstreamer1.0-gl:amd64	1.28.2-1
gstreamer1.0-plugins-base:amd64	1.28.2-1
gtk-update-icon-cache	4.22.4+ds-0ubuntu0.1
gtk2-engines-pixbuf:amd64	2.24.33-10
gzip	1.14-1~exp2ubuntu1.1
hicolor-icon-theme	0.18-2build1
hostname	3.25build1
htop	3.4.1-5build2
hwctl	0.11.0-0ubuntu1
hwdata	0.394-1build1
ibus-gtk3:amd64	1.5.34~rc2-1
ibus-gtk4:amd64	1.5.34~rc2-1
ieee-data	20240722build1
imagemagick	8:7.1.2.18+dfsg1-1
imagemagick-7-common	8:7.1.2.18+dfsg1-1
imagemagick-7.q16	8:7.1.2.18+dfsg1-1
init-system-helpers	1.69
initramfs-tools	0.151ubuntu1
initramfs-tools-bin	0.151ubuntu1
initramfs-tools-core	0.151ubuntu1
input-utils	1.3-3
inputattach	1:1.8.1-2build2
intel-microcode	3.20260210.1ubuntu2
iproute2	6.19.0-1ubuntu1.1
iputils-ping	3:20250605-1ubuntu1
iso-codes	4.20.1-1
iucode-tool	2.3.1-3build2
iw	6.17-1
joystick	1:1.8.1-2build2
jq	1.8.1-4ubuntu2
jstest-gtk	0.1.1~git20250403.92bdf8e-1
kbd	2.7.1-2ubuntu2
kdump-tools	1:1.10.7ubuntu3
kexec-tools	1:2.0.32-3ubuntu1
keyboard-configuration	1.237ubuntu3
keyutils	1.6.3-6ubuntu3
klibc-utils	2.0.14-1ubuntu2
kmod	34.2-2ubuntu2
kpartx	0.14.3-2ubuntu1
krb5-locales	1.22.1-2ubuntu4.1
less	668-1build1
libaacs0:amd64	0.11.1-4build1
libacl1:amd64	2.3.2-2
libaio1t64:amd64	0.3.113-8build1
libalgorithm-diff-perl	1.201-1
libalgorithm-diff-xs-perl	0.04-9
libalgorithm-merge-perl	0.08-5
libaom3:amd64	3.13.1-2
libapparmor1:amd64	5.0.0~beta1-0ubuntu7
libappstream5:amd64	1.1.2-1
libapt-pkg7.0:amd64	3.2.0
libarchive13t64:amd64	3.8.5-1ubuntu2.2
libasan8:amd64	16-20260322-1ubuntu1
libasound2-data	1.2.15.3-1ubuntu1.1
libasound2-dev:amd64	1.2.15.3-1ubuntu1.1
libasound2t64:amd64	1.2.15.3-1ubuntu1.1
libass9:amd64	1:0.17.4-2
libassuan9:amd64	3.0.2-2build1
libasyncns0:amd64	0.8-7
libatk-bridge2.0-0t64:amd64	2.60.4-0ubuntu0.1
libatk1.0-0t64:amd64	2.60.4-0ubuntu0.1
libatkmm-1.6-1v5:amd64	2.28.4-2
libatomic1:amd64	16-20260322-1ubuntu1
libatopology2t64:amd64	1.2.15.3-1ubuntu1.1
libatspi2.0-0t64:amd64	2.60.4-0ubuntu0.1
libattr1:amd64	1:2.5.2-4
libaudit-common	1:4.1.2-1build1
libaudit1:amd64	1:4.1.2-1build1
libauthen-sasl-perl	2.2000-1
libavahi-client3:amd64	0.8-18ubuntu1.1
libavahi-common-data:amd64	0.8-18ubuntu1.1
libavahi-common3:amd64	0.8-18ubuntu1.1
libavc1394-0:amd64	0.5.4-5build4
libavcodec-dev:amd64	7:8.0.1-3ubuntu2
libavcodec62:amd64	7:8.0.1-3ubuntu2
libavdevice62:amd64	7:8.0.1-3ubuntu2
libavfilter-dev:amd64	7:8.0.1-3ubuntu2
libavfilter11:amd64	7:8.0.1-3ubuntu2
libavformat-dev:amd64	7:8.0.1-3ubuntu2
libavformat62:amd64	7:8.0.1-3ubuntu2
libavutil-dev:amd64	7:8.0.1-3ubuntu2
libavutil60:amd64	7:8.0.1-3ubuntu2
libayatana-ido3-0.4-0:amd64	0.10.4-1build1
libayatana-indicator3-7:amd64	0.9.4-2
libb2-1:amd64	0.98.1-1.1build2
libbabeltrace1:amd64	1.5.11-5build1
libbdplus0:amd64	0.2.0-4build1
libbinutils:amd64	2.46-3ubuntu2
libblas3:amd64	3.12.1-7ubuntu1
libblkid-dev:amd64	2.41.3-3ubuntu2
libblkid1:amd64	2.41.3-3ubuntu2
libbluetooth3:amd64	5.85-4ubuntu0.1
libbluray3:amd64	1:1.4.1-1
libbpf1:amd64	1:1.6.3-1ubuntu1
libbpfcc:amd64	0.35.0+ds-1ubuntu2
libbrotli1:amd64	1.2.0-3build1
libbs2b0:amd64	3.1.0+dfsg-8build1
libbsd0:amd64	0.12.2-2build2
libburn4t64:amd64	1.5.6-1.2build1
libbz2-1.0:amd64	1.0.8-6build2
libc-bin	2.43-2ubuntu2.3
libc-dev-bin	2.43-2ubuntu2.3
libc-gconv-modules-extra:amd64	2.43-2ubuntu2.3
libc6:amd64	2.43-2ubuntu2.3
libc6-dbg:amd64	2.43-2ubuntu2.3
libc6-dev:amd64	2.43-2ubuntu2.3
libcairo-gobject2:amd64	1.18.4-3
libcairo-script-interpreter2:amd64	1.18.4-3
libcairo2:amd64	1.18.4-3
libcairomm-1.0-1v5:amd64	1.14.5-3
libcairomm-1.16-1:amd64	1.18.0-3
libcanberra0:amd64	0.30-18ubuntu3
libcap-dev:amd64	1:2.75-10ubuntu2
libcap-ng0:amd64	0.8.5-4build5
libcap2:amd64	1:2.75-10ubuntu2
libcap2-bin	1:2.75-10ubuntu2
libcbor0.10:amd64	0.10.2-2ubuntu3
libcc1-0:amd64	16-20260322-1ubuntu1
libcdio-cdda2t64:amd64	10.2+2.0.2-2
libcdio-paranoia2t64:amd64	10.2+2.0.2-2
libcdio19t64:amd64	2.2.0-4build1
libcdparanoia0:amd64	3.10.2+debian-14ubuntu2
libchromaprint1:amd64	1.6.0-2build1
libcjson1:amd64	1.7.19-2
libclang-cpp21	1:21.1.8-6ubuntu1
libclang1-21	1:21.1.8-6ubuntu1
libclone-perl:amd64	0.47-1
libcodec2-1.2:amd64	1.2.0-4
libcolord2:amd64	1.4.8-3
libcom-err2:amd64	1.47.2-3ubuntu4
libcrypt-dev:amd64	1:4.5.1-1
libcrypt-urandom-perl	0.55-1
libcrypt1:amd64	1:4.5.1-1
libcryptsetup12:amd64	2:2.8.4-1ubuntu4
libctf-nobfd0:amd64	2.46-3ubuntu2
libctf0:amd64	2.46-3ubuntu2
libcups2t64:amd64	2.4.16-1ubuntu1.3
libcurl3t64-gnutls:amd64	8.18.0-1ubuntu2.3
libcurl4t64:amd64	8.18.0-1ubuntu2.3
libdata-dump-perl	1.25-1
libdatrie1:amd64	0.2.14-1
libdav1d7:amd64	1.5.3-1
libdb5.3t64:amd64	5.3.28+dfsg2-10ubuntu1
libdbus-1-3:amd64	1.16.2-2ubuntu4
libdc1394-25:amd64	2.2.6-6
libdconf1:amd64	0.49.0-4
libdebconfclient0:amd64	0.280ubuntu1
libdebuginfod-common	0.194-4
libdebuginfod1t64:amd64	0.194-4
libdecor-0-0:amd64	0.2.5-1
libdecor-0-plugin-1-gtk:amd64	0.2.5-1
libdeflate0:amd64	1.23-2ubuntu1
libdevmapper-event1.02.1:amd64	2:1.02.205-2ubuntu3
libdevmapper1.02.1:amd64	2:1.02.205-2ubuntu3
libdisplay-info3:amd64	0.3.0-1
libdjvulibre-text	3.5.29-1
libdjvulibre21:amd64	3.5.29-1
libdouble-conversion3:amd64	3.4.0-1
libdpkg-perl	1.23.7ubuntu1
libdrm-amdgpu1:amd64	2.4.131-1
libdrm-common	2.4.131-1
libdrm-dev:amd64	2.4.131-1
libdrm-intel1:amd64	2.4.131-1
libdrm-nouveau2:amd64	2.4.131-1
libdrm-radeon1:amd64	2.4.131-1
libdrm2:amd64	2.4.131-1
libduktape207:amd64	2.7.0+tests-0ubuntu4
libdvdnav4:amd64	7.0.0-2
libdvdread8t64:amd64	7.0.1-1
libdw1t64:amd64	0.194-4
libeatmydata1:amd64	131-2build1
libedit2:amd64	3.1-20251016-1
libefiboot1t64:amd64	39-2
libefivar1t64:amd64	39-2
libegl-dev:amd64	1.7.0-3
libegl-mesa0:amd64	26.0.3-1ubuntu1
libegl1:amd64	1.7.0-3
libelf1t64:amd64	0.194-4
libencode-locale-perl	1.05-3
libepoxy0:amd64	1.5.10-2build1
liberror-perl	0.17030-1
libevdev2:amd64	1.13.6+dfsg-1
libevemu3t64:amd64	2.7.0-4build2
libexif12:amd64	0.6.25-2ubuntu0.1
libexpat1:amd64	2.7.4-1
libexpat1-dev:amd64	2.7.4-1
libext2fs2t64:amd64	1.47.2-3ubuntu4
libfakeroot:amd64	1.37.2-1
libfdisk1:amd64	2.41.3-3ubuntu2
libffi-dev:amd64	3.5.2-4
libffi8:amd64	3.5.2-4
libfftw3-double3:amd64	3.3.10-2fakesync1build3
libfftw3-single3:amd64	3.3.10-2fakesync1build3
libfido2-1:amd64	1.16.0-2build1
libfile-basedir-perl	0.09-2
libfile-desktopentry-perl	0.23-1
libfile-fcntllock-perl	0.22-4ubuntu6
libfile-listing-perl	6.16-1
libfile-mimeinfo-perl	0.36-2
libflac14:amd64	1.5.0+ds-5
libflite1:amd64	2.2-7build1
libfluidsynth3:amd64	2.4.8+dfsg-1
libfont-afm-perl	1.20-4
libfontconfig1:amd64	2.17.1-3ubuntu1
libfontenc1:amd64	1:1.1.8-1build2
libfreeaptx0:amd64	0.2.2-1build1
libfreetype6:amd64	2.14.2+dfsg-1ubuntu0.1
libfribidi0:amd64	1.0.16-5
libftdi1-2:amd64	1.6~rc1-1build1
libftdi1-dev	1.6~rc1-1build1
libftdi1-doc	1.6~rc1-1build1
libfuse3-4:amd64	3.18.2-1
libfyaml0:amd64	0.9.4-1
libgbm-dev:amd64	26.0.3-1ubuntu1
libgbm1:amd64	26.0.3-1ubuntu1
libgcc-15-dev:amd64	15.2.0-16ubuntu1
libgcc-s1:amd64	16-20260322-1ubuntu1
libgcrypt20:amd64	1.12.0-2ubuntu1
libgdbm-compat4t64:amd64	1.26-1build1
libgdbm6t64:amd64	1.26-1build1
libgdk-pixbuf-2.0-0:amd64	2.44.5+dfsg-4ubuntu1
libgdk-pixbuf2.0-common	2.44.5+dfsg-4ubuntu1
libgfortran5:amd64	16-20260322-1ubuntu1
libgif7:amd64	5.2.2-1ubuntu3.2
libgio-2.0-dev:amd64	2.88.0-1
libgio-2.0-dev-bin	2.88.0-1
libgirepository-2.0-0:amd64	2.88.0-1
libgl-dev:amd64	1.7.0-3
libgl1:amd64	1.7.0-3
libgl1-mesa-dev:amd64	26.0.3-1ubuntu1
libgl1-mesa-dri:amd64	26.0.3-1ubuntu1
libgles-dev:amd64	1.7.0-3
libgles1:amd64	1.7.0-3
libgles2:amd64	1.7.0-3
libglib2.0-0t64:amd64	2.88.0-1
libglib2.0-bin	2.88.0-1
libglib2.0-data	2.88.0-1
libglib2.0-dev:amd64	2.88.0-1
libglib2.0-dev-bin	2.88.0-1
libglibmm-2.4-1t64:amd64	2.66.8-3
libglibmm-2.68-1t64:amd64	2.86.0-7
libglu1-mesa:amd64	9.0.2-1.1build2
libglu1-mesa-dev:amd64	9.0.2-1.1build2
libglvnd-core-dev:amd64	1.7.0-3
libglvnd-dev:amd64	1.7.0-3
libglvnd0:amd64	1.7.0-3
libglx-dev:amd64	1.7.0-3
libglx-mesa0:amd64	26.0.3-1ubuntu1
libglx0:amd64	1.7.0-3
libglycin-2-0:amd64	2.1.1+ds-0ubuntu1
libgme0:amd64	0.6.4-1
libgmp10:amd64	2:6.3.0+dfsg-5ubuntu2
libgnutls30t64:amd64	3.8.12-2ubuntu1.1
libgomp1:amd64	16-20260322-1ubuntu1
libgpg-error0:amd64	1.58-2
libgpm2:amd64	1.20.7-12build1
libgprofng0:amd64	2.46-3ubuntu2
libgraphene-1.0-0:amd64	1.10.8-5build1
libgraphite2-3:amd64	1.3.14-11ubuntu1.1
libgs-common	10.06.0~dfsg-3ubuntu1
libgs10:amd64	10.06.0~dfsg-3ubuntu1
libgs10-common	10.06.0~dfsg-3ubuntu1
libgsm1:amd64	1.0.23-2
libgssapi-krb5-2:amd64	1.22.1-2ubuntu4.1
libgstreamer-gl1.0-0:amd64	1.28.2-1
libgstreamer-plugins-base1.0-0:amd64	1.28.2-1
libgstreamer-plugins-extra1.0-0:amd64	1.28.2-1ubuntu1.1
libgstreamer1.0-0:amd64	1.28.2-1
libgtk-3-0t64:amd64	3.24.52-0ubuntu1
libgtk-3-bin	3.24.52-0ubuntu1
libgtk-3-common	3.24.52-0ubuntu1
libgtk-4-1:amd64	4.22.4+ds-0ubuntu0.1
libgtk-4-bin	4.22.4+ds-0ubuntu0.1
libgtk-4-common	4.22.4+ds-0ubuntu0.1
libgtkmm-3.0-1t64:amd64	3.24.10-2
libgtkmm-4.0-0:amd64	4.20.0-1build1
libgudev-1.0-0:amd64	1:238-7build1
libharfbuzz-subset0:amd64	12.3.2-2
libharfbuzz0b:amd64	12.3.2-2
libheif-plugin-aomdec:amd64	1.21.2-3ubuntu0.3
libheif-plugin-aomenc:amd64	1.21.2-3ubuntu0.3
libheif1:amd64	1.21.2-3ubuntu0.3
libhidapi-dev:amd64	0.15.0-2
libhidapi-hidraw0:amd64	0.15.0-2
libhidapi-libusb0:amd64	0.15.0-2
libhogweed6t64:amd64	3.10.2-1
libhtml-form-perl	6.13-1build1
libhtml-format-perl	2.16-2
libhtml-parser-perl:amd64	3.83-1ubuntu0.1
libhtml-tagset-perl	3.24-1
libhtml-tree-perl	5.07-3
libhttp-cookies-perl	6.11-1
libhttp-daemon-perl	6.16-1ubuntu0.26.04.1
libhttp-date-perl	6.06-1ubuntu0.26.04.1
libhttp-message-perl	7.01-1ubuntu1
libhttp-negotiate-perl	6.01-2
libhwasan0:amd64	16-20260322-1ubuntu1
libhwy1t64:amd64	1.3.0-2
libibus-1.0-5:amd64	1.5.34~rc2-1
libice6:amd64	2:1.1.1-1build1
libicu78:amd64	78.2-2ubuntu1
libid3tag0:amd64	0.16.3-4
libidn12:amd64	1.43-2ubuntu0.26.04.1
libidn2-0:amd64	2.3.8-4build1
libiec61883-0:amd64	1.2.0-8
libijs-0.35:amd64	0.35-16
libimath-3-1-29t64:amd64	3.1.12-1ubuntu5
libimlib2t64:amd64	1.12.6-1
libimobiledevice-1.0-6:amd64	1.4.0-1build1
libimobiledevice-glue-1.0-0	1.3.2-2build1
libinih1:amd64	61-1ubuntu1
libinput-bin	1.31.1-1ubuntu1
libinput10:amd64	1.31.1-1ubuntu1
libinstpatch-1.0-2:amd64	1.1.7-1.1
libintl-perl	1.37-1
libintl-xs-perl	1.37-1
libio-html-perl	1.004-3
libio-socket-ssl-perl	2.098-1
libio-stringy-perl	2.113-2
libipc-system-simple-perl	1.30-2
libipt2	2.1.2-3
libisl23:amd64	0.27-1build1
libisns0t64:amd64	0.101-2.1
libisoburn1t64:amd64	1:1.5.6-1.1ubuntu4
libisofs6t64:amd64	1.5.6.pl01-1.1ubuntu3
libitm1:amd64	16-20260322-1ubuntu1
libjack-jackd2-0:amd64	1.9.22~dfsg-5build1
libjansson4:amd64	2.14-2build4
libjbig0:amd64	2.1-6.1ubuntu3
libjbig2dec0:amd64	0.20-1ubuntu0.26.04.1
libjemalloc2:amd64	5.3.0-4
libjpeg-progs	1:9f-2build1
libjpeg-turbo8:amd64	2.1.5-4ubuntu4
libjpeg8:amd64	8c-2ubuntu12
libjpeg9:amd64	1:9f-2build1
libjq1:amd64	1.8.1-4ubuntu2
libjs-sphinxdoc	8.2.3-12
libjson-c5:amd64	0.18+ds-3
libjson-glib-1.0-0:amd64	1.10.8+ds-2
libjson-glib-1.0-common	1.10.8+ds-2
libjsoncpp26:amd64	1.9.6-5
libjxl0.11:amd64	0.11.1-6ubuntu4.2
libjxr-tools	1.2~git20170615.f752187-5.3build1
libjxr0t64:amd64	1.2~git20170615.f752187-5.3build1
libk5crypto3:amd64	1.22.1-2ubuntu4.1
libkeyutils1:amd64	1.6.3-6ubuntu3
libklibc:amd64	2.0.14-1ubuntu2
libkmod2:amd64	34.2-2ubuntu2
libkrb5-3:amd64	1.22.1-2ubuntu4.1
libkrb5support0:amd64	1.22.1-2ubuntu4.1
libksba8:amd64	1.6.7-2build1
liblapack3:amd64	3.12.1-7ubuntu1
liblc3-1:amd64	1.1.3+dfsg-1build1
liblcms2-2:amd64	2.17-1ubuntu0.2
libldacbt-abr2:amd64	2.0.2.3+git20200429+ed310a0-5build1
libldacbt-enc2:amd64	2.0.2.3+git20200429+ed310a0-5build1
libldap-common	2.6.10+dfsg-1ubuntu5
libldap2:amd64	2.6.10+dfsg-1ubuntu5
libldb2:amd64	2:2.11.0+samba4.23.6+dfsg-1ubuntu2.2
liblerc4:amd64	4.0.0+ds-5ubuntu2
liblightdm-gobject-1-0:amd64	1.32.0-6ubuntu4
liblilv-0-0:amd64	0.26.2-1
libllvm20:amd64	1:20.1.8-2ubuntu8
libllvm21:amd64	1:21.1.8-6ubuntu1
liblmdb0:amd64	0.9.31-1build2
liblocale-gettext-perl	1.07-8
liblqr-1-0:amd64	0.4.2-2.2
liblsan0:amd64	16-20260322-1ubuntu1
libltdl-dev:amd64	2.5.4-9
libltdl7:amd64	2.5.4-9
liblua5.4-0:amd64	5.4.8-1build1
liblvm2cmd2.03:amd64	2.03.31-2ubuntu3
liblwp-mediatypes-perl	6.04-2
liblwp-protocol-https-perl	6.14-1
liblz4-1:amd64	1.10.0-8
liblzma5:amd64	5.8.3-1
liblzo2-2:amd64	2.10-3build2
libmagic-mgc	1:5.46-5build2
libmagic1t64:amd64	1:5.46-5build2
libmagickcore-7.q16-10:amd64	8:7.1.2.18+dfsg1-1
libmagickcore-7.q16-10-extra:amd64	8:7.1.2.18+dfsg1-1
libmagickwand-7.q16-10:amd64	8:7.1.2.18+dfsg1-1
libmailtools-perl	2.22-1
libmaxminddb0:amd64	1.12.2-1build2
libmbedcrypto16:amd64	3.6.5-0.1ubuntu2
libmd0:amd64	1.1.0-2build4
libmd4c0:amd64	0.5.2-2build1
libmm-glib0:amd64	1.25.95-1ubuntu1
libmnl0:amd64	1.0.5-3build1
libmodule-find-perl	0.17-1
libmount-dev:amd64	2.41.3-3ubuntu2
libmount1:amd64	2.41.3-3ubuntu2
libmp3lame0:amd64	3.101~svn6525+dfsg-2
libmpathcmd0	0.14.3-2ubuntu1
libmpathpersist0	0.14.3-2ubuntu1
libmpc3:amd64	1.3.1-3
libmpfr6:amd64	4.2.2-3
libmpg123-0t64:amd64	1.33.3-2
libmtdev1t64:amd64	1.1.7-1build1
libmultipath0	0.14.3-2ubuntu1
libmysofa1:amd64	1.3.3+dfsg-1ubuntu2
libncurses6:amd64	6.6+20251231-1
libncursesw6:amd64	6.6+20251231-1
libndp0:amd64	1.9-1build1
libnet-dbus-perl	1.2.0-2build4
libnet-http-perl	6.24-1build1
libnet-smtp-ssl-perl	1.04-2
libnet-ssleay-perl:amd64	1.94-3
libnetpbm11t64:amd64	2:11.10.02-1build1
libnetplan1:amd64	1.2-1ubuntu5
libnettle8t64:amd64	3.10.2-1
libnewt0.52:amd64	0.52.25-1ubuntu3
libnghttp2-14:amd64	1.68.0-2ubuntu0.2
libnl-3-200:amd64	3.12.0-2
libnl-genl-3-200:amd64	3.12.0-2
libnl-route-3-200:amd64	3.12.0-2
libnm0:amd64	1.54.3-2ubuntu3
libnorm1t64:amd64	1.5.9+dfsg-4
libnpth0t64:amd64	1.8-3build1
libnspr4:amd64	2:4.38.2-1ubuntu1
libnss-systemd:amd64	259.5-0ubuntu3.4
libnss3:amd64	2:3.120-1ubuntu2.1
libnuma1:amd64	2.0.19-1build1
libnvidia-cfg1-595:amd64	595.84-0ubuntu0.26.04.1
libnvidia-common-595	595.84-0ubuntu0.26.04.1
libnvidia-compute-595:amd64	595.84-0ubuntu0.26.04.1
libnvidia-decode-595:amd64	595.84-0ubuntu0.26.04.1
libnvidia-egl-wayland1:amd64	1:1.1.21-1
libnvidia-encode-595:amd64	595.84-0ubuntu0.26.04.1
libnvidia-extra-595:amd64	595.84-0ubuntu0.26.04.1
libnvidia-fbc1-595:amd64	595.84-0ubuntu0.26.04.1
libnvidia-gl-595:amd64	595.84-0ubuntu0.26.04.1
libobrender32	3.6.1-12ubuntu3
libobt2:amd64	3.6.1-12ubuntu3
libogg0:amd64	1.3.6-2
libonig5:amd64	6.9.10-1build1
libopenal-data	1:1.25.1-2
libopenal1:amd64	1:1.25.1-2
libopenexr-3-1-30:amd64	3.1.13-2build1
libopengl-dev:amd64	1.7.0-3
libopengl0:amd64	1.7.0-3
libopeniscsiusr	2.1.11-3ubuntu3
libopenjp2-7:amd64	2.5.4-1ubuntu0.1
libopenmpt0t64:amd64	0.8.4-1
libopus0:amd64	1.6.1-1
libopusfile0:amd64	0.12-4build4
liborc-0.4-0t64:amd64	1:0.4.42-2
libosmesa6:amd64	25.1.7-1ubuntu3
libp11-kit0:amd64	0.26.2-2
libpackagekit-glib2-18:amd64	1.3.4-3ubuntu1.1
libpam-cap:amd64	1:2.75-10ubuntu2
libpam-modules:amd64	1.7.0-5ubuntu3.1
libpam-modules-bin	1.7.0-5ubuntu3.1
libpam-runtime	1.7.0-5ubuntu3.1
libpam-systemd:amd64	259.5-0ubuntu3.4
libpam0g:amd64	1.7.0-5ubuntu3.1
libpango-1.0-0:amd64	1.57.0-1
libpangocairo-1.0-0:amd64	1.57.0-1
libpangoft2-1.0-0:amd64	1.57.0-1
libpangomm-1.4-1v5:amd64	2.46.4-2
libpangomm-2.48-1t64:amd64	2.56.1-2
libpangoxft-1.0-0:amd64	1.57.0-1
libpaper-utils	2.2.5-0.3maysync1
libpaper2:amd64	2.2.5-0.3maysync1
libparted2t64:amd64	3.6-6
libpci3:amd64	1:3.14.0-1build2
libpciaccess-dev:amd64	0.18.1-1ubuntu4
libpciaccess0:amd64	0.18.1-1ubuntu4
libpcre2-16-0:amd64	10.46-1build1
libpcre2-32-0:amd64	10.46-1build1
libpcre2-8-0:amd64	10.46-1build1
libpcre2-dev:amd64	10.46-1build1
libpcre2-posix3:amd64	10.46-1build1
libpcsclite1:amd64	2.4.1-1
libperl5.40:amd64	5.40.1-7ubuntu0.1
libpgm-5.3-0t64:amd64	5.3.128~dfsg-2.1build2
libpipeline1:amd64	1.5.8-2
libpipewire-0.3-0t64:amd64	1.6.2-1ubuntu1.1
libpipewire-0.3-common	1.6.2-1ubuntu1.1
libpipewire-0.3-dev:amd64	1.6.2-1ubuntu1.1
libpipewire-0.3-modules:amd64	1.6.2-1ubuntu1.1
libpixman-1-0:amd64	0.46.4-1
libpkgconf7:amd64	2.5.1-4
libplacebo360:amd64	7.360.0-3
libplist-2.0-4:amd64	2.7.0+git20250820-1build1
libplymouth5:amd64	24.004.60+git20250831.4a3c171d-0ubuntu8
libpng16-16t64:amd64	1.6.57-1
libpolkit-agent-1-0:amd64	127-2ubuntu1
libpolkit-gobject-1-0:amd64	127-2ubuntu1
libpopt0:amd64	1.19+dfsg-2build1
libportmidi2:amd64	2:2.0.8-1
libproc-processtable-perl:amd64	0.637-1
libproc2-0:amd64	2:4.0.4-9ubuntu1
libproxy1v5:amd64	0.5.12-1
libpsl5t64:amd64	0.21.2-1.1build2
libpulse-dev:amd64	1:17.0+dfsg1-2ubuntu4
libpulse-mainloop-glib0:amd64	1:17.0+dfsg1-2ubuntu4
libpulse0:amd64	1:17.0+dfsg1-2ubuntu4
libpulsedsp:amd64	1:17.0+dfsg1-2ubuntu4
libpython3-dev:amd64	3.14.3-0ubuntu2
libpython3-stdlib:amd64	3.14.3-0ubuntu2
libpython3.14:amd64	3.14.4-1ubuntu0.1
libpython3.14-dev:amd64	3.14.4-1ubuntu0.1
libpython3.14-minimal:amd64	3.14.4-1ubuntu0.1
libpython3.14-stdlib:amd64	3.14.4-1ubuntu0.1
libqt6core6t64:amd64	6.10.2+dfsg-7
libqt6dbus6:amd64	6.10.2+dfsg-7
libqt6gui6:amd64	6.10.2+dfsg-7
libqt6network6:amd64	6.10.2+dfsg-7
libqt6opengl6:amd64	6.10.2+dfsg-7
libqt6qml6:amd64	6.10.2+dfsg-3
libqt6qmlmeta6:amd64	6.10.2+dfsg-3
libqt6qmlmodels6:amd64	6.10.2+dfsg-3
libqt6qmlworkerscript6:amd64	6.10.2+dfsg-3
libqt6quick6:amd64	6.10.2+dfsg-3
libqt6svg6:amd64	6.10.2-2
libqt6waylandclient6:amd64	6.10.2+dfsg-7
libqt6waylandcompositor6:amd64	6.10.2-4
libqt6widgets6:amd64	6.10.2+dfsg-7
libqt6wlshellintegration6:amd64	6.10.2+dfsg-7
libqt6xml6:amd64	6.10.2+dfsg-7
libquadmath0:amd64	16-20260322-1ubuntu1
librabbitmq4:amd64	0.15.0-1ubuntu0.26.04.1
librav1e0.8:amd64	0.8.1-7
libraw1394-11:amd64	2.1.2-2build4
libraw23t64:amd64	0.21.5b-1ubuntu1.1
libreadline8t64:amd64	8.3-4
librhash1:amd64	1.4.6-1.1
librist4:amd64	0.2.11+dfsg-1build1
libroc0.4:amd64	0.4.0+dfsg-5ubuntu3.1
librsvg2-2:amd64	2.61.3+dfsg-3
librsvg2-common:amd64	2.61.3+dfsg-3
librtmp1:amd64	2.4+20151223.gitfa8646d.1-3
librubberband3:amd64	4.0.0+dfsg-2ubuntu1
libsamplerate0:amd64	0.2.2-4build2
libsasl2-2:amd64	2.1.28+dfsg1-9ubuntu3
libsasl2-modules:amd64	2.1.28+dfsg1-9ubuntu3
libsasl2-modules-db:amd64	2.1.28+dfsg1-9ubuntu3
libsbc1:amd64	2.1-1build1
libsdl2-2.0-0:amd64	2.32.10+dfsg-6
libsdl2-classic:amd64	2.32.10+dfsg-6
libsdl2-image-2.0-0:amd64	2.8.8+dfsg-2
libsdl2-mixer-2.0-0:amd64	2.8.1+dfsg-5
libsdl2-ttf-2.0-0:amd64	2.24.0+dfsg-3
libsdl3-0:amd64	3.4.2+ds-1ubuntu1
libseccomp2:amd64	2.6.0-2ubuntu5
libselinux-dev:amd64	3.9-4build1
libselinux1:amd64	3.9-4build1
libsemanage-common	3.9-1build1
libsemanage2:amd64	3.9-1build1
libsensors-config	1:3.6.2-2build1
libsensors5:amd64	1:3.6.2-2build1
libsepol-dev:amd64	3.9-2
libsepol2:amd64	3.9-2
libserd-0-0:amd64	0.32.6-1
libserialport-dev:amd64	0.1.2-1build1
libserialport0:amd64	0.1.2-1build1
libset-scalar-perl	1.29-3
libsframe3:amd64	2.46-3ubuntu2
libsgutils2-1.48:amd64	1.48-3ubuntu3.1
libsharpyuv0:amd64	1.5.0-0.1build1
libshine3:amd64	3.1.1-3build1
libsigc++-2.0-0v5:amd64	2.12.1-4build1
libsigc++-3.0-0:amd64	3.6.0-2build1
libslang2:amd64	2.3.3-5build1
libsm6:amd64	2:1.2.6-1build1
libsmartcols1:amd64	2.41.3-3ubuntu2
libsmbclient0:amd64	2:4.23.6+dfsg-1ubuntu2.2
libsnapd-glib-2-1:amd64	1.72-0ubuntu3
libsnappy1v5:amd64	1.2.2-2
libsndfile1:amd64	1.2.2-4
libsodium23:amd64	1.0.18-2
libsord-0-0:amd64	0.16.20-1
libsort-naturally-perl	1.03-4
libsoup-3.0-0:amd64	3.6.6-1
libsoup-3.0-common	3.6.6-1
libsource-highlight-common	3.1.9-4.3build2
libsource-highlight4t64:amd64	3.1.9-4.3build2
libsoxr0:amd64	0.1.3-4.1
libspa-0.2-bluetooth:amd64	1.6.2-1ubuntu1.1
libspa-0.2-dev:amd64	1.6.2-1ubuntu1.1
libspa-0.2-modules:amd64	1.6.2-1ubuntu1.1
libspectre1:amd64	0.2.12-2
libspeex1:amd64	1.2.1-3build1
libspeexdsp1:amd64	1.2.1-3build1
libsqlite3-0:amd64	3.46.1-9ubuntu0.2
libsratom-0-0:amd64	0.6.20-1
libsrt1.5-gnutls:amd64	1.5.4-3
libss2:amd64	1.47.2-3ubuntu4
libssh-4:amd64	0.11.3-1ubuntu1
libssh2-1t64:amd64	1.11.1-1ubuntu0.26.04.3
libssl3t64:amd64	3.5.5-1ubuntu3.3
libstartup-notification0:amd64	0.12-8build1
libstdc++-15-dev:amd64	15.2.0-16ubuntu1
libstdc++6:amd64	16-20260322-1ubuntu1
libstemmer0d:amd64	3.0.1-1
libsvtav1enc2:amd64	2.3.0+dfsg-1build1
libswresample-dev:amd64	7:8.0.1-3ubuntu2
libswresample6:amd64	7:8.0.1-3ubuntu2
libswscale-dev:amd64	7:8.0.1-3ubuntu2
libswscale9:amd64	7:8.0.1-3ubuntu2
libsysprof-capture-4-dev:amd64	50.0-1
libsystemd-shared:amd64	259.5-0ubuntu3.4
libsystemd0:amd64	259.5-0ubuntu3.4
libtalloc2:amd64	2:2.4.3+samba4.23.6+dfsg-1ubuntu2.2
libtasn1-6:amd64	4.21.0-2
libtdb1:amd64	2:1.4.14+samba4.23.6+dfsg-1ubuntu2.2
libteamdctl0:amd64	1.31-1build4
libterm-readkey-perl	2.38-2build5
libtevent0t64:amd64	2:0.17.1+samba4.23.6+dfsg-1ubuntu2.2
libtext-charwidth-perl:amd64	0.04-11build4
libtext-iconv-perl:amd64	1.7-8.1
libtext-wrapi18n-perl	0.06-10
libthai-data	0.1.30-1
libthai0:amd64	0.1.30-1
libtheoradec2:amd64	1.2.0+dfsg-6
libtheoraenc2:amd64	1.2.0+dfsg-6
libtie-ixhash-perl	1.23-4
libtiff6:amd64	4.7.0-3ubuntu4
libtimedate-perl	2.3300-2
libtinfo6:amd64	6.6+20251231-1
libtirpc-common	1.3.7-0.1
libtirpc3t64:amd64	1.3.7-0.1
libtool	2.5.4-9
libtraceevent1:amd64	1:1.8.7-1
libtry-tiny-perl	0.32-1
libts0t64:amd64	1.22-1.1build2
libtsan2:amd64	16-20260322-1ubuntu1
libtwolame0:amd64	0.4.0-2build4
libubsan1:amd64	16-20260322-1ubuntu1
libuchardet0:amd64	0.0.8-2
libudev-dev:amd64	259.5-0ubuntu3.4
libudev1:amd64	259.5-0ubuntu3.4
libudfread3:amd64	1.2.0-2
libunibreak6:amd64	6.1-3build1
libunistring5:amd64	1.3-2build1
libunwind8:amd64	1.8.3-0ubuntu1
libupower-glib3:amd64	1.91.1-1
liburcu8t64:amd64	0.15.6-1
liburi-perl	5.34-2build1
libusb-1.0-0:amd64	2:1.0.29-2build1
libusb-1.0-0-dev:amd64	2:1.0.29-2build1
libusb-1.0-doc	2:1.0.29-2build1
libusbmuxd-2.0-7:amd64	2.1.1-1
libutempter0:amd64	1.2.1-4build1
libuuid1:amd64	2.41.3-3ubuntu2
libuv1t64:amd64	1.51.0-2ubuntu1
libva-dev:amd64	2.23.0-1ubuntu1
libva-drm2:amd64	2.23.0-1ubuntu1
libva-glx2:amd64	2.23.0-1ubuntu1
libva-wayland2:amd64	2.23.0-1ubuntu1
libva-x11-2:amd64	2.23.0-1ubuntu1
libva2:amd64	2.23.0-1ubuntu1
libvdpau1:amd64	1.5-4
libvidstab1.1:amd64	1.1.0-2.1
libvisual-0.4-0:amd64	0.4.2-4
libvorbis0a:amd64	1.3.7-3build2
libvorbisenc2:amd64	1.3.7-3build2
libvorbisfile3:amd64	1.3.7-3build2
libvpl2	1:2.16.0-1
libvpx12:amd64	1.16.0-3
libvulkan-dev:amd64	1.4.341.0-1
libvulkan1:amd64	1.4.341.0-1
libwacom-common	2.18.0-1
libwacom9:amd64	2.18.0-1
libwayland-bin	1.24.0-2
libwayland-client0:amd64	1.24.0-2
libwayland-cursor0:amd64	1.24.0-2
libwayland-dev:amd64	1.24.0-2
libwayland-egl-backend-dev:amd64	1.24.0-2
libwayland-egl1:amd64	1.24.0-2
libwayland-server0:amd64	1.24.0-2
libwbclient0:amd64	2:4.23.6+dfsg-1ubuntu2.2
libwebp7:amd64	1.5.0-0.1build1
libwebpdemux2:amd64	1.5.0-0.1build1
libwebpmux3:amd64	1.5.0-0.1build1
libwebrtc-audio-processing-1-3:amd64	1.3-3build2
libwebsockets-evlib-uv:amd64	4.3.5-3ubuntu1
libwebsockets19t64:amd64	4.3.5-3ubuntu1
libwireplumber-0.5-0:amd64	0.5.13-1ubuntu1
libwmflite-0.2-7:amd64	0.2.14-1
libwrap0:amd64	7.6.q-36build2
libwww-perl	6.81-1ubuntu0.1
libwww-robotrules-perl	6.02-1build1
libx11-6:amd64	2:1.8.13-1
libx11-data	2:1.8.13-1
libx11-dev:amd64	2:1.8.13-1
libx11-protocol-perl	0.56-9
libx11-xcb1:amd64	2:1.8.13-1
libx264-165:amd64	2:0.165.3222+gitb35605ac-3build1
libx265-215:amd64	4.1-4
libxau-dev:amd64	1:1.0.11-1build2
libxau6:amd64	1:1.0.11-1build2
libxaw7:amd64	2:1.0.16-1build1
libxcb-cursor0:amd64	0.1.6-1
libxcb-damage0:amd64	1.17.0-2ubuntu1
libxcb-dri2-0:amd64	1.17.0-2ubuntu1
libxcb-dri3-0:amd64	1.17.0-2ubuntu1
libxcb-glx0:amd64	1.17.0-2ubuntu1
libxcb-icccm4:amd64	0.4.2-1build1
libxcb-image0:amd64	0.4.0-2build2
libxcb-keysyms1:amd64	0.4.1-1build1
libxcb-present0:amd64	1.17.0-2ubuntu1
libxcb-randr0:amd64	1.17.0-2ubuntu1
libxcb-render-util0:amd64	0.3.10-1build1
libxcb-render0:amd64	1.17.0-2ubuntu1
libxcb-shape0:amd64	1.17.0-2ubuntu1
libxcb-shm0:amd64	1.17.0-2ubuntu1
libxcb-sync1:amd64	1.17.0-2ubuntu1
libxcb-util1:amd64	0.4.1-1build1
libxcb-xfixes0:amd64	1.17.0-2ubuntu1
libxcb-xinput0:amd64	1.17.0-2ubuntu1
libxcb-xkb1:amd64	1.17.0-2ubuntu1
libxcb1:amd64	1.17.0-2ubuntu1
libxcb1-dev:amd64	1.17.0-2ubuntu1
libxcomposite-dev:amd64	1:0.4.6-1build1
libxcomposite1:amd64	1:0.4.6-1build1
libxcursor-dev:amd64	1:1.2.3-1build1
libxcursor1:amd64	1:1.2.3-1build1
libxcvt0:amd64	0.1.3-1build1
libxdamage-dev:amd64	1:1.1.7-1
libxdamage1:amd64	1:1.1.7-1
libxdmcp-dev:amd64	1:1.1.5-2
libxdmcp6:amd64	1:1.1.5-2
libxdo3:amd64	1:3.20160805.1-5.1build1
libxext-dev:amd64	2:1.3.4-1build3
libxext6:amd64	2:1.3.4-1build3
libxfixes-dev:amd64	1:6.0.0-2build2
libxfixes3:amd64	1:6.0.0-2build2
libxfont2:amd64	1:2.0.6-2ubuntu0.2
libxft2:amd64	2.3.6-1build2
libxi-dev:amd64	2:1.8.2-2
libxi6:amd64	2:1.8.2-2
libxinerama1:amd64	2:1.1.4-3build2
libxkbcommon-dev:amd64	1.13.1-1
libxkbcommon-x11-0:amd64	1.13.1-1
libxkbcommon0:amd64	1.13.1-1
libxkbfile1:amd64	1:1.1.0-1build5
libxklavier16:amd64	5.4-6build1
libxml-parser-perl	2.47-1ubuntu1
libxml-twig-perl	1:3.54-1build1
libxml-xpathengine-perl	0.14-2
libxml2-16:amd64	2.15.2+dfsg-0.1ubuntu0.1
libxmlb2:amd64	0.3.24-2
libxmp4:amd64	4.6.3-1
libxmu6:amd64	2:1.1.3-4
libxmuu1:amd64	2:1.1.3-4
libxnvctrl0:amd64	510.47.03-0ubuntu7
libxpm4:amd64	1:3.5.17-1ubuntu0.26.04.1
libxrandr-dev:amd64	2:1.5.4-1build1
libxrandr2:amd64	2:1.5.4-1build1
libxrender-dev:amd64	1:0.9.12-1build1
libxrender1:amd64	1:0.9.12-1build1
libxres1:amd64	2:1.2.1-1build2
libxshmfence1:amd64	1.3.3-1build1
libxss-dev:amd64	1:1.2.3-1build4
libxss1:amd64	1:1.2.3-1build4
libxt6t64:amd64	1:1.2.1-1.3build1
libxtables12:amd64	1.8.11-2ubuntu3
libxtst-dev:amd64	2:1.2.5-1build1
libxtst6:amd64	2:1.2.5-1build1
libxv1:amd64	2:1.0.13-1
libxvidcore4:amd64	2:1.3.7-3
libxvmc1:amd64	2:1.0.12-2build4
libxxf86dga1:amd64	2:1.1.5-1build2
libxxf86vm1:amd64	1:1.1.4-2
libxxhash0:amd64	0.8.3-2build1
libyaml-0-2:amd64	0.2.5-2build3
libzimg2:amd64	3.0.6+ds1-1
libzix-0-0:amd64	0.8.0-1
libzmq5:amd64	4.3.5-1build3
libzstd1:amd64	1.5.7+dfsg-3
libzvbi-common	0.2.44-1ubuntu2
libzvbi0t64:amd64	0.2.44-1ubuntu2
lightdm	1.32.0-6ubuntu4
lightdm-gtk-greeter	2.0.9-0ubuntu3.1
linux-base	4.15ubuntu5
linux-firmware	20260319.git217ca6e4.1ubuntu
linux-firmware-amd-graphics	20260319.git217ca6e4-0ubuntu3
linux-firmware-amd-misc	20260319.git217ca6e4-0ubuntu1.1
linux-firmware-broadcom-wireless	20260319.git217ca6e4-0ubuntu1.1
linux-firmware-intel-graphics	20260319.git217ca6e4-0ubuntu2.1
linux-firmware-intel-misc	20260319.git217ca6e4-0ubuntu1
linux-firmware-intel-wireless	20260319.git217ca6e4-0ubuntu2.1
linux-firmware-marvell-prestera	20260319.git217ca6e4-0ubuntu1
linux-firmware-marvell-wireless	20260319.git217ca6e4-0ubuntu1.1
linux-firmware-mediatek	20260319.git217ca6e4-0ubuntu1
linux-firmware-mellanox-spectrum	20260319.git217ca6e4-0ubuntu1.1
linux-firmware-misc	20260319.git217ca6e4-0ubuntu2
linux-firmware-netronome	20260319.git217ca6e4-0ubuntu1.1
linux-firmware-nvidia-graphics	20260319.git217ca6e4-0ubuntu1.1
linux-firmware-qlogic	20260319.git217ca6e4-0ubuntu1.1
linux-firmware-qualcomm-graphics	20260319.git217ca6e4-0ubuntu1.1
linux-firmware-qualcomm-misc	20260319.git217ca6e4-0ubuntu2.1
linux-firmware-qualcomm-wireless	20260319.git217ca6e4-0ubuntu1
linux-firmware-realtek	20260319.git217ca6e4-0ubuntu1.2
linux-generic	7.0.0-29.29
linux-headers-generic	7.0.0-29.29
linux-image-generic	7.0.0-29.29
linux-libc-dev:amd64	7.0.0-29.29
linux-perf	7.0.0-29.29
linux-sysctl-defaults	4.15ubuntu5
linux-tools-common	7.0.0-29.29
lm-sensors	1:3.6.2-2build1
locales	2.43-2ubuntu2.3
login	1:4.16.0-2+really2.41.3-3ubuntu2
login.defs	1:4.17.4-2ubuntu3
logsave	1.47.2-3ubuntu4
lrzsz	0.12.21rc-0.3
lsb-base	11.6build1
lsb-release	12.1-2build1
lshw	02.19.git.2021.06.19.996aaad9c7-2.1ubuntu3
lto-disabled-list	79
luit	2.0.20250912-1
lvm2	2.03.31-2ubuntu3
lxd-installer	14ubuntu0
m4	1.4.21-1
make	4.4.1-3
makedumpfile	1:1.7.7-1
man-db	2.13.1-1build1
manpages	6.17-1
manpages-dev	6.17-1
mawk	1.3.4.20260129-1
mdadm	4.5-5ubuntu1
media-types	14.0.0build1
menu	2.1.51build1
mesa-libgallium:amd64	26.0.3-1ubuntu1
mesa-utils	9.0.0-2build1
mesa-utils-bin:amd64	9.0.0-2build1
mesa-vulkan-drivers:amd64	26.0.3-1ubuntu1
meson	1.10.1-1ubuntu2
minicom	2.10-1ubuntu1
mokutil	0.7.2-2
mount	2.41.3-3ubuntu2
mtools	4.0.49-1
multipath-tools	0.14.3-2ubuntu1
nano	8.7.1-1ubuntu0.1
nasm	3.01-1
native-architecture	0.2.6build1
ncurses-base	6.6+20251231-1
ncurses-bin	6.6+20251231-1
ncurses-term	6.6+20251231-1
needrestart	3.11-1ubuntu2
net-tools	2.10-2ubuntu1
netbase	6.5build1
netcat-openbsd	1.234-1
netpbm	2:11.10.02-1build1
netplan-generator	1.2-1ubuntu5
netplan.io	1.2-1ubuntu5
network-manager	1.54.3-2ubuntu3
networkd-dispatcher	2.2.4-1.1ubuntu1
ninja-build	1.13.2-1
nvidia-compute-utils-595	595.84-0ubuntu0.26.04.1
nvidia-dkms-595-open	595.84-0ubuntu0.26.04.1
nvidia-driver-595-open	595.84-0ubuntu0.26.04.1
nvidia-firmware-595-595.84	595.84-0ubuntu0.26.04.1
nvidia-kernel-common-595	595.84-0ubuntu0.26.04.1
nvidia-kernel-source-595-open	595.84-0ubuntu0.26.04.1
nvidia-prime	0.8.17.2build1
nvidia-settings	510.47.03-0ubuntu7
nvidia-utils-595	595.84-0ubuntu0.26.04.1
nvtop	3.2.0-2
obconf	1:2.0.4+git20150213-3build4
ocl-icd-libopencl1:amd64	2.3.4-1
open-iscsi	2.1.11-3ubuntu3
openbox	3.6.1-12ubuntu3
openssh-client	1:10.2p1-2ubuntu3.5
openssh-server	1:10.2p1-2ubuntu3.5
openssh-sftp-server	1:10.2p1-2ubuntu3.5
openssl	3.5.5-1ubuntu3.3
openssl-provider-legacy	3.5.5-1ubuntu3.3
os-prober	1.84ubuntu1
packagekit	1.3.4-3ubuntu1.1
parted	3.6-6
passwd	1:4.17.4-2ubuntu3
patch	2.8-2build1
pavucontrol	6.1-1build1
pci.ids	0.0~2026.02.12-1
pciutils	1:3.14.0-1build2
perl	5.40.1-7ubuntu0.1
perl-base	5.40.1-7ubuntu0.1
perl-modules-5.40	5.40.1-7ubuntu0.1
perl-openssl-defaults:amd64	7build4
picocom	3.1-4build1
pinentry-curses	1.3.2-3ubuntu1
pipewire:amd64	1.6.2-1ubuntu1.1
pipewire-alsa:amd64	1.6.2-1ubuntu1.1
pipewire-audio	1.6.2-1ubuntu1.1
pipewire-bin	1.6.2-1ubuntu1.1
pipewire-pulse	1.6.2-1ubuntu1.1
pkexec	127-2ubuntu1
pkg-config:amd64	2.5.1-4
pkgconf:amd64	2.5.1-4
pkgconf-bin	2.5.1-4
plymouth	24.004.60+git20250831.4a3c171d-0ubuntu8
plymouth-label	24.004.60+git20250831.4a3c171d-0ubuntu8
plymouth-theme-spinner	24.004.60+git20250831.4a3c171d-0ubuntu8
plymouth-themes	24.004.60+git20250831.4a3c171d-0ubuntu8
pnp.ids	0.394-1build1
polkitd	127-2ubuntu1
pollinate	4.33-4ubuntu6
poppler-data	0.4.12-1build1
procps	2:4.0.4-9ubuntu1
psmisc	23.7-2ubuntu2
publicsuffix	20260129.1928-1
pulseaudio-utils	1:17.0+dfsg1-2ubuntu4
python-apt-common	3.1.0ubuntu1
python-babel-localedata	2.17.0-2
python3	3.14.3-0ubuntu2
python3-apport	2.34.0-0ubuntu2
python3-apt	3.1.0ubuntu1
python3-asgiref	3.11.0-1
python3-attr	25.4.0-1build1
python3-autocommand	2.2.2-4
python3-babel	2.17.0-2
python3-bcrypt	5.0.0-3build1
python3-blinker	1.9.0-2build1
python3-bpfcc	0.35.0+ds-1ubuntu2
python3-certifi	2026.1.4+ds-1
python3-cffi-backend:amd64	2.0.0-3build1
python3-chardet	5.2.0+dfsg-2build1
python3-click	8.2.0+0.really.8.1.8-1build1
python3-configobj	5.0.9-1build1
python3-cryptography	46.0.5-1ubuntu2
python3-dbus	1.4.0-1build2
python3-debconf	1.5.92
python3-dev	3.14.3-0ubuntu2
python3-distro	1.9.0-1build1
python3-distro-info	1.15
python3-distupgrade	1:26.04.22
python3-flask	3.1.3-1ubuntu1
python3-gi	3.56.2-1
python3-httplib2	0.22.0-1ubuntu0.1
python3-idna	3.11-1ubuntu0.1
python3-inflect	7.5.0-1build1
python3-itsdangerous	2.2.0-2build1
python3-jaraco.context	6.0.1-2
python3-jaraco.functools	4.1.0-1build1
python3-jaraco.text	4.0.0-1build1
python3-jinja2	3.1.6-1build1
python3-json-pointer	2.4-4
python3-jsonpatch	1.32-6
python3-jsonschema	4.19.2-6ubuntu2
python3-jsonschema-specifications	2023.12.1-4
python3-jwt	2.10.1-4ubuntu1
python3-launchpadlib	2.1.0-1build1
python3-lazr.restfulclient	0.14.6-3build1
python3-lazr.uri	1.0.6-7build1
python3-ldb	2:2.11.0+samba4.23.6+dfsg-1ubuntu2.2
python3-linkify-it	2.0.3-1ubuntu3
python3-markdown-it	3.0.0-3build1
python3-markupsafe	3.0.3-1build1
python3-mdurl	0.1.2-1build1
python3-minimal	3.14.3-0ubuntu2
python3-more-itertools	10.8.0-1build1
python3-netaddr	1.3.0-1build1
python3-netplan	1.2-1ubuntu5
python3-numpy	1:2.3.5+ds-3ubuntu1
python3-numpy-dev:amd64	1:2.3.5+ds-3ubuntu1
python3-oauthlib	3.3.1-1build1
python3-openssl	25.3.0-1ubuntu1
python3-packaging	26.0-1
python3-passlib	1.9.3-1ubuntu1
python3-pip	25.1.1+dfsg-1ubuntu2
python3-pip-whl	25.1.1+dfsg-1ubuntu2
python3-pkg-resources	78.1.1-0.1build1
python3-problem-report	2.34.0-0ubuntu2
python3-psutil	7.1.0-1ubuntu1
python3-pyasyncore	1.0.2-3build1
python3-pygame	2.6.1-4build1
python3-pygments	2.19.2+dfsg-1
python3-pyinotify	0.9.6-5build1
python3-pyparsing	3.3.2-2
python3-referencing	0.36.2-1ubuntu2
python3-requests	2.32.5+dfsg-1ubuntu1
python3-rich	13.9.4-1.2
python3-rpds-py	0.27.1-2ubuntu3
python3-samba	2:4.23.6+dfsg-1ubuntu2.2
python3-serial	3.5-2build1
python3-setuptools	78.1.1-0.1build1
python3-setuptools-whl	78.1.1-0.1build1
python3-software-properties	0.120
python3-systemd	235-1build9
python3-talloc:amd64	2:2.4.3+samba4.23.6+dfsg-1ubuntu2.2
python3-tdb	2:1.4.14+samba4.23.6+dfsg-1ubuntu2.2
python3-typeguard	4.4.4-2
python3-typing-extensions	4.15.0-2
python3-uc-micro	1.0.3-1build1
python3-update-manager	1:26.04.5
python3-urllib3	2.6.3-1ubuntu1.1
python3-usb	1.2.1-2
python3-venv	3.14.3-0ubuntu2
python3-wadllib	2.0.0-3
python3-werkzeug	3.1.5-1
python3-wheel	0.46.3-2
python3-xkit	0.5.0ubuntu8
python3-yaml	6.0.3-1build1
python3-zipp	3.23.0-1build1
python3.14	3.14.4-1ubuntu0.1
python3.14-dev	3.14.4-1ubuntu0.1
python3.14-minimal	3.14.4-1ubuntu0.1
python3.14-venv	3.14.4-1ubuntu0.1
qpwgraph	0.9.9-1
qt6-gtk-platformtheme:amd64	6.10.2+dfsg-7
qt6-qpa-plugins:amd64	6.10.2+dfsg-7
qt6-svg-plugins:amd64	6.10.2-2
qt6-translations-l10n	6.10.2-1
qt6-wayland:amd64	6.10.2-4
readline-common	8.3-4
rfkill	2.41.3-3ubuntu2
rpcsvc-proto	1.4.3-1build1
rsync	3.4.1+ds1-7ubuntu0.3
rtkit	0.14-1
rust-coreutils	0.8.0-0ubuntu3
samba-common	2:4.23.6+dfsg-1ubuntu2.2
samba-common-bin	2:4.23.6+dfsg-1ubuntu2.2
samba-libs:amd64	2:4.23.6+dfsg-1ubuntu2.2
sbsigntool	0.9.4-3.1ubuntu9
screen	4.9.1-3ubuntu2
screen-resolution-extra	0.18.5build1
secureboot-db	1.9build2
sed	4.9-2ubuntu1
sensible-utils	0.0.26build1
setserial	2.17-58build1
sg3-utils	1.48-3ubuntu3.1
sg3-utils-udev	1.48-3ubuntu3.1
sgml-base	1.31+nmu1build1
shared-mime-info	2.4-5build3
shim-signed	1.59+15.8-0ubuntu2
smbclient	2:4.23.6+dfsg-1ubuntu2.2
software-properties-common	0.120
sound-theme-freedesktop	0.8-7build1
squashfs-tools	1:4.7.5-1
ssh-import-id	5.11-0ubuntu4
sshpass	1.10-0.1build1
strace	6.19+ds-0ubuntu5
sudo	1.9.17p2-1ubuntu3
sudo-common	1.2ubuntu
sudo-rs	0.2.13-0ubuntu1
sysstat	12.7.7-0ubuntu2
systemd	259.5-0ubuntu3.4
systemd-cryptsetup	259.5-0ubuntu3.4
systemd-hwe-hwdb	259.5.3ubuntu
systemd-resolved	259.5-0ubuntu3.4
systemd-sysv	259.5-0ubuntu3.4
sysvinit-utils	3.15-5ubuntu1
tar	1.35+dfsg-4ubuntu0.4
tdb-tools	2:1.4.14+samba4.23.6+dfsg-1ubuntu2.2
thermald	2.5.11-0ubuntu1
thin-provisioning-tools	1.1.0-4ubuntu2
timgm6mb-soundfont	1.3-5build1
tint2	17.0.1-1.2build1
traceroute	1:2.1.6-1build1
ttyd	1.7.7-4build1
tzdata	2026c-0ubuntu0.26.04.1
ubuntu-drivers-common	1:0.10.9
ubuntu-kernel-accessories	1.570.1
ubuntu-keyring	2023.11.28.1build1
ubuntu-release-upgrader-core	1:26.04.22
ucf	3.0052ubuntu1
udev	259.5-0ubuntu3.4
uhubctl	2.6.0-3
unattended-upgrades	2.12ubuntu9
unclutter	8-26build1
unclutter-startup	8-26build1
unminimize	0.5build1
unzip	6.0-29ubuntu1
upower	1.91.1-1
usb.ids	2025.12.13-1
usbmuxd	1.1.1-7
usbutils	1:019-1
user-session-migration	0.5.1
util-linux	2.41.3-3ubuntu2
uuid-dev:amd64	2.41.3-3ubuntu2
vim	2:9.1.2141-1ubuntu4.7
vim-common	2:9.1.2141-1ubuntu4.7
vim-runtime	2:9.1.2141-1ubuntu4.7
vulkan-tools	1.4.341.0+dfsg1-1
wayland-protocols	1.47-1
wget	1.25.0-2ubuntu4.3
wireless-regdb	2026.02.04-0ubuntu1
wireplumber	0.5.13-1ubuntu1
wmctrl	1.07+git20240228.1105759-1build1
wpasupplicant	2:2.11-0ubuntu5
x11-apps	7.7+11build4
x11-common	1:7.7+26ubuntu1
x11-session-utils	7.7+6build3
x11-utils	7.7+7build1
x11-xkb-utils	7.7+9build1
x11-xserver-utils	7.7+11build1
x11proto-dev	2025.1-1
xauth	1:1.1.2-1.1build1
xbitmaps	1.1.1-2.2build1
xcvt	0.1.3-1build1
xdg-user-dirs	0.19-1
xdg-utils	1.2.1-2ubuntu2
xdotool	1:3.20160805.1-5.1build1
xfonts-base	1:1.0.5+nmu1build1
xfonts-encodings	1:1.0.5-0ubuntu3
xfonts-scalable	1:1.0.3-1.3build1
xfonts-utils	1:7.7+7build1
xfsprogs	6.18.0-3
xinit	1.4.2-1build1
xinput	1.6.4-1build2
xkb-data	2.46-2
xml-core	0.19build1
xorg	1:7.7+26ubuntu1
xorg-docs-core	1:1.7.3-1
xorg-sgml-doctools	1:1.11-1.1build1
xorriso	1:1.5.6-1.1ubuntu4
xserver-common	2:21.1.22-1ubuntu1
xserver-xorg	1:7.7+26ubuntu1
xserver-xorg-core	2:21.1.22-1ubuntu1
xserver-xorg-input-all	1:7.7+26ubuntu1
xserver-xorg-input-libinput	1.5.0-1build1
xserver-xorg-input-wacom	1:1.2.3-1ubuntu2
xserver-xorg-legacy	2:21.1.22-1ubuntu1
xserver-xorg-video-all	1:7.7+26ubuntu1
xserver-xorg-video-amdgpu	25.0.0-1
xserver-xorg-video-ati	1:22.0.0-1build2
xserver-xorg-video-fbdev	1:0.5.0-2build3
xserver-xorg-video-intel	2:2.99.917+git20210115-1build2
xserver-xorg-video-nouveau	1:1.0.18-1build1
xserver-xorg-video-nvidia-595	595.84-0ubuntu0.26.04.1
xserver-xorg-video-qxl	0.1.6-1.1build1
xserver-xorg-video-radeon	1:22.0.0-1build2
xserver-xorg-video-vesa	1:2.6.0-2build1
xterm	407-1ubuntu1
xtrans-dev	1.6.0-1build1
xxd	2:9.1.2141-1ubuntu4.7
xz-utils	5.8.3-1
yasm	1.3.0-8
yudit-common	3.1.0-1build1
zip	3.0-15ubuntu3
zlib1g:amd64	1:1.3.dfsg+really1.3.1-1ubuntu3
zlib1g-dev:amd64	1:1.3.dfsg+really1.3.1-1ubuntu3
zstd	1.5.7+dfsg-3
